{
  "spinach_features/scenario1.feature": 0.0019788742065429688,
  "spinach_features/scenario2.feature": 0.0014770030975341797
}