{
  "spec/async/reactor_spec.rb": 0.21666699834167957,
  "spec/controllers/articles_controller_spec.rb": 0.05336399935185909,
  "spec/controllers/welcome_controller_spec.rb": 0.009496999904513359,
  "spec/dir with spaces/foobar_spec.rb": 0.0036970004439353943,
  "spec/services/calculator_spec.rb": 0.0073659997433424,
  "spec/services/meme_spec.rb": 0.0026520006358623505,
  "spec/track_context_time_spec.rb": 5.725515998899937
}