{
  "spec/controllers/articles_controller_spec.rb": 0.05106399999931455,
  "spec/controllers/welcome_controller_spec.rb": 0.0028039999306201935,
  "spec/dir with spaces/foobar_spec.rb": 0.0011529996991157532,
  "spec/services/calculator_spec.rb": 0.0002549998462200165,
  "spec/services/meme_spec.rb": 0.0001050001010298729
}