{
  "features/calculator.feature": 0.24833202362060547,
  "features/calculator_scenario_outline.feature": 0.843245267868042,
  "features/welcome.feature": 0.030466079711914062
}